,amount,amount,quantity
,sum,mean,sum
product_category,,,
Nourriture,555549230.19,1390.2459433440524,2199937
Maison,555347224.85,1389.4344530677295,2198701
Vêtements,556343980.51,1388.4163385192062,2203580
Électronique,556258843.8199999,1389.0497023922487,2204120
Livres,554840464.54,1388.7051157587011,2197632
